schema_version,synthetic,private_data_accessed,day_id,local_date,timezone,wake_at,prediction_cutoff,sleep_minutes,sleep_efficiency,hrv_ms,resting_heart_rate_bpm,academic_stress,caffeine_after_cutoff,deadline_within_48h,illness,google_readiness,morning_readiness,afternoon_energy,overall_energy,coach_insight_id
synthetic-study-1.0.0,true,false,synthetic-day-001,2026-01-05,America/Los_Angeles,2026-01-05T06:00:00-08:00,2026-01-05T06:20:00-08:00,375,0.76,38.0,55.0,low,True,True,False,4.0,2,3,3,synthetic-insight-001
synthetic-study-1.0.0,true,false,synthetic-day-002,2026-01-06,America/Los_Angeles,2026-01-06T06:37:00-08:00,2026-01-06T06:57:00-08:00,404,0.83,49.0,60.0,low,False,True,False,6.0,5,3,4,synthetic-insight-002
synthetic-study-1.0.0,true,false,synthetic-day-003,2026-01-07,America/Los_Angeles,2026-01-07T07:14:00-08:00,2026-01-07T07:34:00-08:00,433,0.9,60.0,65.0,medium,False,False,False,6.0,6,5,6,synthetic-insight-003
synthetic-study-1.0.0,true,false,synthetic-day-004,2026-01-08,America/Los_Angeles,2026-01-08T07:51:00-08:00,2026-01-08T08:11:00-08:00,462,0.77,42.0,57.0,medium,False,False,False,6.0,4,3,3,synthetic-insight-001
synthetic-study-1.0.0,true,false,synthetic-day-005,2026-01-09,America/Los_Angeles,2026-01-09T08:28:00-08:00,2026-01-09T08:48:00-08:00,491,0.84,53.0,62.0,high,False,False,False,6.0,5,4,4,synthetic-insight-002
synthetic-study-1.0.0,true,false,synthetic-day-006,2026-01-10,America/Los_Angeles,2026-01-10T06:04:00-08:00,2026-01-10T06:24:00-08:00,520,0.91,64.0,67.0,high,True,False,False,7.0,5,4,4,synthetic-insight-003
synthetic-study-1.0.0,true,false,synthetic-day-007,2026-01-11,America/Los_Angeles,2026-01-11T06:41:00-08:00,2026-01-11T07:01:00-08:00,398,0.78,46.0,59.0,low,False,False,False,4.0,4,4,4,synthetic-insight-001
synthetic-study-1.0.0,true,false,synthetic-day-008,2026-01-12,America/Los_Angeles,2026-01-12T07:18:00-08:00,2026-01-12T07:38:00-08:00,427,0.85,57.0,64.0,low,False,False,False,6.0,5,6,6,synthetic-insight-002
synthetic-study-1.0.0,true,false,synthetic-day-009,2026-01-13,America/Los_Angeles,2026-01-13T07:55:00-08:00,2026-01-13T08:15:00-08:00,456,0.92,39.0,56.0,medium,False,False,False,6.0,5,4,4,synthetic-insight-003
synthetic-study-1.0.0,true,false,synthetic-day-010,2026-01-14,America/Los_Angeles,2026-01-14T08:32:00-08:00,2026-01-14T08:52:00-08:00,485,0.79,50.0,61.0,medium,False,False,False,6.0,6,5,6,synthetic-insight-001
synthetic-study-1.0.0,true,false,synthetic-day-011,2026-01-15,America/Los_Angeles,2026-01-15T06:08:00-08:00,2026-01-15T06:28:00-08:00,514,0.86,61.0,66.0,high,True,False,False,7.0,5,4,4,synthetic-insight-002
synthetic-study-1.0.0,true,false,synthetic-day-012,2026-01-16,America/Los_Angeles,2026-01-16T06:45:00-08:00,2026-01-16T07:05:00-08:00,392,0.93,43.0,58.0,high,False,True,False,5.0,3,2,2,synthetic-insight-003
synthetic-study-1.0.0,true,false,synthetic-day-013,2026-01-17,America/Los_Angeles,2026-01-17T07:22:00-08:00,2026-01-17T07:42:00-08:00,421,0.8,54.0,63.0,low,False,True,False,5.0,4,3,4,synthetic-insight-001
synthetic-study-1.0.0,true,false,synthetic-day-014,2026-01-18,America/Los_Angeles,2026-01-18T07:59:00-08:00,2026-01-18T08:19:00-08:00,450,0.87,65.0,55.0,low,False,False,False,6.0,7,7,7,synthetic-insight-002
synthetic-study-1.0.0,true,false,synthetic-day-015,2026-01-19,America/Los_Angeles,2026-01-19T08:36:00-08:00,2026-01-19T08:56:00-08:00,479,0.94,47.0,60.0,medium,False,False,False,7.0,5,6,6,synthetic-insight-003
synthetic-study-1.0.0,true,false,synthetic-day-016,2026-01-20,America/Los_Angeles,2026-01-20T06:12:00-08:00,2026-01-20T06:32:00-08:00,508,0.81,58.0,65.0,medium,True,False,False,7.0,6,5,5,synthetic-insight-001
synthetic-study-1.0.0,true,false,synthetic-day-017,2026-01-21,America/Los_Angeles,2026-01-21T06:49:00-08:00,2026-01-21T07:09:00-08:00,386,0.88,40.0,57.0,high,False,False,False,5.0,4,3,3,synthetic-insight-002
synthetic-study-1.0.0,true,false,synthetic-day-018,2026-01-22,America/Los_Angeles,2026-01-22T07:26:00-08:00,2026-01-22T07:46:00-08:00,415,0.95,51.0,62.0,high,False,False,True,5.0,2,1,1,synthetic-insight-003
synthetic-study-1.0.0,true,false,synthetic-day-019,2026-01-23,America/Los_Angeles,2026-01-23T08:03:00-08:00,2026-01-23T08:23:00-08:00,444,0.82,62.0,67.0,low,False,False,True,4.0,4,3,4,synthetic-insight-001
synthetic-study-1.0.0,true,false,synthetic-day-020,2026-01-24,America/Los_Angeles,2026-01-24T08:40:00-08:00,2026-01-24T09:00:00-08:00,473,0.89,44.0,59.0,low,False,False,False,6.0,5,5,5,synthetic-insight-002
synthetic-study-1.0.0,true,false,synthetic-day-021,2026-01-25,America/Los_Angeles,2026-01-25T06:16:00-08:00,2026-01-25T06:36:00-08:00,502,0.76,55.0,64.0,medium,True,False,False,6.0,5,5,5,synthetic-insight-003
synthetic-study-1.0.0,true,false,synthetic-day-022,2026-01-26,America/Los_Angeles,2026-01-26T06:53:00-08:00,2026-01-26T07:13:00-08:00,380,0.83,66.0,56.0,medium,False,False,False,6.0,4,5,5,synthetic-insight-001
synthetic-study-1.0.0,true,false,synthetic-day-023,2026-01-27,America/Los_Angeles,2026-01-27T07:30:00-08:00,2026-01-27T07:50:00-08:00,409,0.9,48.0,61.0,high,False,True,False,6.0,3,2,2,synthetic-insight-002
synthetic-study-1.0.0,true,false,synthetic-day-024,2026-01-28,America/Los_Angeles,2026-01-28T08:07:00-08:00,2026-01-28T08:27:00-08:00,438,0.77,59.0,66.0,high,False,True,False,6.0,4,3,3,synthetic-insight-003
synthetic-study-1.0.0,true,false,synthetic-day-025,2026-01-29,America/Los_Angeles,2026-01-29T08:44:00-08:00,2026-01-29T09:04:00-08:00,467,0.84,41.0,58.0,low,False,False,False,6.0,5,4,4,synthetic-insight-001
synthetic-study-1.0.0,true,false,synthetic-day-026,2026-01-30,America/Los_Angeles,2026-01-30T06:20:00-08:00,2026-01-30T06:40:00-08:00,496,0.91,52.0,63.0,low,True,False,False,6.0,7,6,7,synthetic-insight-002
synthetic-study-1.0.0,true,false,synthetic-day-027,2026-01-31,America/Los_Angeles,2026-01-31T06:57:00-08:00,2026-01-31T07:17:00-08:00,525,0.78,63.0,55.0,medium,False,False,False,7.0,6,5,6,synthetic-insight-003
synthetic-study-1.0.0,true,false,synthetic-day-028,2026-02-01,America/Los_Angeles,2026-02-01T07:34:00-08:00,2026-02-01T07:54:00-08:00,403,0.85,45.0,60.0,medium,False,False,False,4.0,4,4,4,synthetic-insight-001
synthetic-study-1.0.0,true,false,synthetic-day-029,2026-02-02,America/Los_Angeles,2026-02-02T08:11:00-08:00,2026-02-02T08:31:00-08:00,432,0.92,56.0,65.0,high,False,False,False,6.0,4,5,4,synthetic-insight-002
synthetic-study-1.0.0,true,false,synthetic-day-030,2026-02-03,America/Los_Angeles,2026-02-03T08:48:00-08:00,2026-02-03T09:08:00-08:00,461,0.79,38.0,57.0,high,False,False,False,6.0,4,3,3,synthetic-insight-003
synthetic-study-1.0.0,true,false,synthetic-day-031,2026-02-04,America/Los_Angeles,2026-02-04T06:24:00-08:00,2026-02-04T06:44:00-08:00,490,0.86,49.0,62.0,low,True,False,False,6.0,6,6,6,synthetic-insight-001
synthetic-study-1.0.0,true,false,synthetic-day-032,2026-02-05,America/Los_Angeles,2026-02-05T07:01:00-08:00,2026-02-05T07:21:00-08:00,519,0.93,60.0,67.0,low,False,False,False,8.0,7,6,6,synthetic-insight-002
synthetic-study-1.0.0,true,false,synthetic-day-033,2026-02-06,America/Los_Angeles,2026-02-06T07:38:00-08:00,2026-02-06T07:58:00-08:00,397,0.8,42.0,59.0,medium,False,False,False,4.0,4,3,4,synthetic-insight-003
synthetic-study-1.0.0,true,false,synthetic-day-034,2026-02-07,America/Los_Angeles,2026-02-07T08:15:00-08:00,2026-02-07T08:35:00-08:00,426,0.87,53.0,64.0,medium,False,True,False,6.0,4,2,3,synthetic-insight-001
synthetic-study-1.0.0,true,false,synthetic-day-035,2026-02-08,America/Los_Angeles,2026-02-08T08:52:00-08:00,2026-02-08T09:12:00-08:00,455,0.94,64.0,56.0,high,False,True,False,6.0,5,4,4,synthetic-insight-002
synthetic-study-1.0.0,true,false,synthetic-day-036,2026-02-09,America/Los_Angeles,2026-02-09T06:28:00-08:00,2026-02-09T06:48:00-08:00,484,0.81,46.0,61.0,high,True,False,False,6.0,3,4,3,synthetic-insight-003
synthetic-study-1.0.0,true,false,synthetic-day-037,2026-02-10,America/Los_Angeles,2026-02-10T07:05:00-08:00,2026-02-10T07:25:00-08:00,513,0.88,57.0,66.0,low,False,False,False,8.0,7,6,6,synthetic-insight-001
synthetic-study-1.0.0,true,false,synthetic-day-038,2026-02-11,America/Los_Angeles,2026-02-11T07:42:00-08:00,2026-02-11T08:02:00-08:00,391,0.95,39.0,58.0,low,False,False,False,5.0,6,5,6,synthetic-insight-002
synthetic-study-1.0.0,true,false,synthetic-day-039,2026-02-12,America/Los_Angeles,2026-02-12T08:19:00-08:00,2026-02-12T08:39:00-08:00,420,0.82,50.0,63.0,medium,False,False,False,6.0,4,3,3,synthetic-insight-003
synthetic-study-1.0.0,true,false,synthetic-day-040,2026-02-13,America/Los_Angeles,2026-02-13T08:56:00-08:00,2026-02-13T09:16:00-08:00,449,0.89,61.0,55.0,medium,False,False,False,6.0,6,5,6,synthetic-insight-001
synthetic-study-1.0.0,true,false,synthetic-day-041,2026-02-14,America/Los_Angeles,2026-02-14T06:32:00-08:00,2026-02-14T06:52:00-08:00,478,0.76,43.0,60.0,high,True,False,False,5.0,3,2,2,synthetic-insight-002
synthetic-study-1.0.0,true,false,synthetic-day-042,2026-02-15,America/Los_Angeles,2026-02-15T07:09:00-08:00,2026-02-15T07:29:00-08:00,507,0.83,54.0,65.0,high,False,False,False,6.0,5,5,5,synthetic-insight-003
synthetic-study-1.0.0,true,false,synthetic-day-043,2026-02-16,America/Los_Angeles,2026-02-16T07:46:00-08:00,2026-02-16T08:06:00-08:00,385,0.9,65.0,57.0,low,False,False,False,6.0,5,6,6,synthetic-insight-001
synthetic-study-1.0.0,true,false,synthetic-day-044,2026-02-17,America/Los_Angeles,2026-02-17T08:23:00-08:00,2026-02-17T08:43:00-08:00,414,0.77,47.0,62.0,low,False,False,True,5.0,3,2,2,synthetic-insight-002
synthetic-study-1.0.0,true,false,synthetic-day-045,2026-02-18,America/Los_Angeles,2026-02-18T09:00:00-08:00,2026-02-18T09:20:00-08:00,443,0.84,58.0,67.0,medium,False,True,False,6.0,5,4,4,synthetic-insight-003
synthetic-study-1.0.0,true,false,synthetic-day-046,2026-02-19,America/Los_Angeles,2026-02-19T06:36:00-08:00,2026-02-19T06:56:00-08:00,472,0.91,40.0,59.0,medium,True,True,False,6.0,4,3,3,synthetic-insight-001
synthetic-study-1.0.0,true,false,synthetic-day-047,2026-02-20,America/Los_Angeles,2026-02-20T07:13:00-08:00,2026-02-20T07:33:00-08:00,501,0.78,51.0,64.0,high,False,False,False,6.0,5,4,4,synthetic-insight-002
synthetic-study-1.0.0,true,false,synthetic-day-048,2026-02-21,America/Los_Angeles,2026-02-21T07:50:00-08:00,2026-02-21T08:10:00-08:00,379,0.85,62.0,56.0,high,False,False,False,6.0,4,3,4,synthetic-insight-003
synthetic-study-1.0.0,true,false,synthetic-day-049,2026-02-22,America/Los_Angeles,2026-02-22T08:27:00-08:00,2026-02-22T08:47:00-08:00,408,0.92,44.0,61.0,low,False,False,False,5.0,5,5,5,synthetic-insight-001
synthetic-study-1.0.0,true,false,synthetic-day-050,2026-02-23,America/Los_Angeles,2026-02-23T06:03:00-08:00,2026-02-23T06:23:00-08:00,437,0.79,55.0,66.0,low,False,False,False,6.0,4,5,5,synthetic-insight-002
synthetic-study-1.0.0,true,false,synthetic-day-051,2026-02-24,America/Los_Angeles,2026-02-24T06:40:00-08:00,2026-02-24T07:00:00-08:00,466,0.86,66.0,58.0,medium,True,False,False,8.0,6,5,5,synthetic-insight-003
synthetic-study-1.0.0,true,false,synthetic-day-052,2026-02-25,America/Los_Angeles,2026-02-25T07:17:00-08:00,2026-02-25T07:37:00-08:00,495,0.93,48.0,63.0,medium,False,False,False,6.0,6,6,6,synthetic-insight-001
synthetic-study-1.0.0,true,false,synthetic-day-053,2026-02-26,America/Los_Angeles,2026-02-26T07:54:00-08:00,2026-02-26T08:14:00-08:00,524,0.8,59.0,55.0,high,False,False,False,7.0,6,5,5,synthetic-insight-002
synthetic-study-1.0.0,true,false,synthetic-day-054,2026-02-27,America/Los_Angeles,2026-02-27T08:31:00-08:00,2026-02-27T08:51:00-08:00,402,0.87,41.0,60.0,high,False,False,False,4.0,4,3,3,synthetic-insight-003
synthetic-study-1.0.0,true,false,synthetic-day-055,2026-02-28,America/Los_Angeles,2026-02-28T06:07:00-08:00,2026-02-28T06:27:00-08:00,431,0.94,52.0,65.0,low,False,False,False,6.0,5,5,5,synthetic-insight-001
synthetic-study-1.0.0,true,false,synthetic-day-056,2026-03-01,America/Los_Angeles,2026-03-01T06:44:00-08:00,2026-03-01T07:04:00-08:00,460,0.81,63.0,57.0,low,True,True,False,6.0,6,5,5,synthetic-insight-002
synthetic-study-1.0.0,true,false,synthetic-day-057,2026-03-02,America/Los_Angeles,2026-03-02T07:21:00-08:00,2026-03-02T07:41:00-08:00,489,0.88,45.0,62.0,medium,False,True,False,6.0,4,4,4,synthetic-insight-003
synthetic-study-1.0.0,true,false,synthetic-day-058,2026-03-03,America/Los_Angeles,2026-03-03T07:58:00-08:00,2026-03-03T08:18:00-08:00,518,0.95,56.0,67.0,medium,False,False,False,8.0,7,6,6,synthetic-insight-001
synthetic-study-1.0.0,true,false,synthetic-day-059,2026-03-04,America/Los_Angeles,2026-03-04T08:35:00-08:00,2026-03-04T08:55:00-08:00,396,0.82,38.0,59.0,high,False,False,False,4.0,4,3,3,synthetic-insight-002
synthetic-study-1.0.0,true,false,synthetic-day-060,2026-03-05,America/Los_Angeles,2026-03-05T06:11:00-08:00,2026-03-05T06:31:00-08:00,425,0.89,49.0,64.0,high,False,False,False,6.0,4,3,3,synthetic-insight-003
